,count
PartIII_1,150
PartIII_1_plus_PartIII_2_plus_PartIII_3,150
PartIII_2,150
PartIII_3,150
PartII_1,150
PartII_1_divided_PartII_2,150
PartII_1_plus_PartII_2,150
PartII_2,150
PartII_3,111
PartII_3_divided_PartII_2,150
PartII_4,150
PartII_4_divided_PartII_2,150
PartII_5,150
PartIV_5,1
PartI_1,150
PartI_1_multiply_PartI_5,150
PartI_2,150
PartI_2_multiply_PartI_5,150
PartI_3,150
PartI_3_multiply_PartI_5,150
PartI_4,150
PartI_4_multiply_PartI_5,150
PartI_6,22
PartI_6_divided_PartI_5,126
PartI_7,76
PartI_7_divided_PartI_5,132
PartI_8,69
PartVI_1,144
PartVI_1_multiply_PartVI_2,91
PartVI_2,21
PartVI_3,119
PartV_1,150
PartV_10,82
PartV_1_multiply_PartV_10,150
PartV_1_multiply_PartV_11,150
PartV_1_multiply_PartV_12,17
PartV_1_multiply_PartV_13,146
PartV_1_multiply_PartV_9,150
PartV_2,150
PartV_2_divided_PartV_1,150
PartV_2_multiply_PartV_5,150
PartV_2_multiply_PartV_7,150
PartV_3,150
PartV_4,150
PartV_5,97
PartV_6,74
PartV_7,150
PartV_8,14
PartV_9,5
ageBin,150
pcent_ageBin_PartIII_1,108
pcent_ageBin_PartIII_1-pcent_ageBin_PartIII_2,76
pcent_ageBin_PartIII_1-pcent_ageBin_PartIII_3,150
pcent_ageBin_PartIII_1-pcent_ageBin_PartIV_1,119
pcent_ageBin_PartIII_1-pcent_ageBin_PartIV_2,131
pcent_ageBin_PartIII_1-pcent_ageBin_PartIV_3,126
pcent_ageBin_PartIII_1-pcent_ageBin_PartIV_4,87
pcent_ageBin_PartIII_1-pcent_ageBin_PartIV_5,142
pcent_ageBin_PartIII_1-pcent_ageBin_PartVI_1,73
pcent_ageBin_PartIII_1-pcent_ageBin_PartVI_2,23
pcent_ageBin_PartIII_1-pcent_ageBin_PartVI_3,137
pcent_ageBin_PartIII_1-pcent_ageBin_PartVI_4,11
pcent_ageBin_PartIII_1-pcent_ageBin_PartV_1,20
pcent_ageBin_PartIII_1-pcent_ageBin_PartV_10,150
pcent_ageBin_PartIII_1-pcent_ageBin_PartV_11,19
pcent_ageBin_PartIII_1-pcent_ageBin_PartV_12,15
pcent_ageBin_PartIII_1-pcent_ageBin_PartV_13,50
pcent_ageBin_PartIII_1-pcent_ageBin_PartV_2,120
pcent_ageBin_PartIII_1-pcent_ageBin_PartV_3,107
pcent_ageBin_PartIII_1-pcent_ageBin_PartV_4,47
pcent_ageBin_PartIII_1-pcent_ageBin_PartV_5,150
pcent_ageBin_PartIII_1-pcent_ageBin_PartV_6,141
pcent_ageBin_PartIII_1-pcent_ageBin_PartV_7,68
pcent_ageBin_PartIII_1-pcent_ageBin_PartV_8,150
pcent_ageBin_PartIII_1-pcent_ageBin_PartV_9,5
pcent_ageBin_PartIII_2,150
pcent_ageBin_PartIII_2-pcent_ageBin_PartIII_3,149
pcent_ageBin_PartIII_2-pcent_ageBin_PartIV_1,60
pcent_ageBin_PartIII_2-pcent_ageBin_PartIV_2,64
pcent_ageBin_PartIII_2-pcent_ageBin_PartIV_3,118
pcent_ageBin_PartIII_2-pcent_ageBin_PartIV_4,132
pcent_ageBin_PartIII_2-pcent_ageBin_PartIV_5,112
pcent_ageBin_PartIII_2-pcent_ageBin_PartVI_1,18
pcent_ageBin_PartIII_2-pcent_ageBin_PartVI_2,143
pcent_ageBin_PartIII_2-pcent_ageBin_PartVI_3,150
pcent_ageBin_PartIII_2-pcent_ageBin_PartVI_4,14
pcent_ageBin_PartIII_2-pcent_ageBin_PartV_1,150
pcent_ageBin_PartIII_2-pcent_ageBin_PartV_10,150
pcent_ageBin_PartIII_2-pcent_ageBin_PartV_11,3
pcent_ageBin_PartIII_2-pcent_ageBin_PartV_12,52
pcent_ageBin_PartIII_2-pcent_ageBin_PartV_13,70
pcent_ageBin_PartIII_2-pcent_ageBin_PartV_2,150
pcent_ageBin_PartIII_2-pcent_ageBin_PartV_3,150
pcent_ageBin_PartIII_2-pcent_ageBin_PartV_4,150
pcent_ageBin_PartIII_2-pcent_ageBin_PartV_5,150
pcent_ageBin_PartIII_2-pcent_ageBin_PartV_6,150
pcent_ageBin_PartIII_2-pcent_ageBin_PartV_7,150
pcent_ageBin_PartIII_2-pcent_ageBin_PartV_8,133
pcent_ageBin_PartIII_2-pcent_ageBin_PartV_9,93
pcent_ageBin_PartIII_3,150
pcent_ageBin_PartIII_3-pcent_ageBin_PartIV_1,150
pcent_ageBin_PartIII_3-pcent_ageBin_PartIV_2,143
pcent_ageBin_PartIII_3-pcent_ageBin_PartIV_3,150
pcent_ageBin_PartIII_3-pcent_ageBin_PartIV_4,150
pcent_ageBin_PartIII_3-pcent_ageBin_PartIV_5,150
pcent_ageBin_PartIII_3-pcent_ageBin_PartVI_1,63
pcent_ageBin_PartIII_3-pcent_ageBin_PartVI_2,150
pcent_ageBin_PartIII_3-pcent_ageBin_PartVI_3,150
pcent_ageBin_PartIII_3-pcent_ageBin_PartVI_4,112
pcent_ageBin_PartIII_3-pcent_ageBin_PartV_1,150
pcent_ageBin_PartIII_3-pcent_ageBin_PartV_10,121
pcent_ageBin_PartIII_3-pcent_ageBin_PartV_11,148
pcent_ageBin_PartIII_3-pcent_ageBin_PartV_12,68
pcent_ageBin_PartIII_3-pcent_ageBin_PartV_13,132
pcent_ageBin_PartIII_3-pcent_ageBin_PartV_2,150
pcent_ageBin_PartIII_3-pcent_ageBin_PartV_3,150
pcent_ageBin_PartIII_3-pcent_ageBin_PartV_4,150
pcent_ageBin_PartIII_3-pcent_ageBin_PartV_5,149
pcent_ageBin_PartIII_3-pcent_ageBin_PartV_6,145
pcent_ageBin_PartIII_3-pcent_ageBin_PartV_7,150
pcent_ageBin_PartIII_3-pcent_ageBin_PartV_8,146
pcent_ageBin_PartIII_3-pcent_ageBin_PartV_9,150
pcent_ageBin_PartII_1,150
pcent_ageBin_PartII_1-pcent_ageBin_PartIII_1,51
pcent_ageBin_PartII_1-pcent_ageBin_PartIII_2,150
pcent_ageBin_PartII_1-pcent_ageBin_PartIII_3,150
pcent_ageBin_PartII_1-pcent_ageBin_PartII_2,150
pcent_ageBin_PartII_1-pcent_ageBin_PartII_3,150
pcent_ageBin_PartII_1-pcent_ageBin_PartII_4,150
pcent_ageBin_PartII_1-pcent_ageBin_PartIV_1,150
pcent_ageBin_PartII_1-pcent_ageBin_PartIV_2,150
pcent_ageBin_PartII_1-pcent_ageBin_PartIV_3,150
pcent_ageBin_PartII_1-pcent_ageBin_PartIV_4,150
pcent_ageBin_PartII_1-pcent_ageBin_PartIV_5,150
pcent_ageBin_PartII_1-pcent_ageBin_PartVI_1,150
pcent_ageBin_PartII_1-pcent_ageBin_PartVI_2,43
pcent_ageBin_PartII_1-pcent_ageBin_PartVI_3,10
pcent_ageBin_PartII_1-pcent_ageBin_PartVI_4,150
pcent_ageBin_PartII_1-pcent_ageBin_PartV_1,134
pcent_ageBin_PartII_1-pcent_ageBin_PartV_10,150
pcent_ageBin_PartII_1-pcent_ageBin_PartV_11,140
pcent_ageBin_PartII_1-pcent_ageBin_PartV_12,72
pcent_ageBin_PartII_1-pcent_ageBin_PartV_13,88
pcent_ageBin_PartII_1-pcent_ageBin_PartV_2,150
pcent_ageBin_PartII_1-pcent_ageBin_PartV_3,135
pcent_ageBin_PartII_1-pcent_ageBin_PartV_4,150
pcent_ageBin_PartII_1-pcent_ageBin_PartV_5,150
pcent_ageBin_PartII_1-pcent_ageBin_PartV_6,150
pcent_ageBin_PartII_1-pcent_ageBin_PartV_7,58
pcent_ageBin_PartII_1-pcent_ageBin_PartV_8,150
pcent_ageBin_PartII_1-pcent_ageBin_PartV_9,8
pcent_ageBin_PartII_2,149
pcent_ageBin_PartII_2-pcent_ageBin_PartIII_1,26
pcent_ageBin_PartII_2-pcent_ageBin_PartIII_2,147
pcent_ageBin_PartII_2-pcent_ageBin_PartIII_3,150
pcent_ageBin_PartII_2-pcent_ageBin_PartII_3,150
pcent_ageBin_PartII_2-pcent_ageBin_PartII_4,124
pcent_ageBin_PartII_2-pcent_ageBin_PartIV_1,22
pcent_ageBin_PartII_2-pcent_ageBin_PartIV_2,119
pcent_ageBin_PartII_2-pcent_ageBin_PartIV_3,17
pcent_ageBin_PartII_2-pcent_ageBin_PartIV_4,70
pcent_ageBin_PartII_2-pcent_ageBin_PartIV_5,72
pcent_ageBin_PartII_2-pcent_ageBin_PartVI_2,29
pcent_ageBin_PartII_2-pcent_ageBin_PartVI_3,130
pcent_ageBin_PartII_2-pcent_ageBin_PartV_1,150
pcent_ageBin_PartII_2-pcent_ageBin_PartV_10,150
pcent_ageBin_PartII_2-pcent_ageBin_PartV_11,47
pcent_ageBin_PartII_2-pcent_ageBin_PartV_12,32
pcent_ageBin_PartII_2-pcent_ageBin_PartV_13,1
pcent_ageBin_PartII_2-pcent_ageBin_PartV_2,143
pcent_ageBin_PartII_2-pcent_ageBin_PartV_3,146
pcent_ageBin_PartII_2-pcent_ageBin_PartV_4,150
pcent_ageBin_PartII_2-pcent_ageBin_PartV_5,150
pcent_ageBin_PartII_2-pcent_ageBin_PartV_6,46
pcent_ageBin_PartII_2-pcent_ageBin_PartV_7,100
pcent_ageBin_PartII_2-pcent_ageBin_PartV_8,150
pcent_ageBin_PartII_2-pcent_ageBin_PartV_9,1
pcent_ageBin_PartII_3,150
pcent_ageBin_PartII_3-pcent_ageBin_PartIII_1,150
pcent_ageBin_PartII_3-pcent_ageBin_PartIII_2,150
pcent_ageBin_PartII_3-pcent_ageBin_PartIII_3,150
pcent_ageBin_PartII_3-pcent_ageBin_PartII_4,149
pcent_ageBin_PartII_3-pcent_ageBin_PartIV_1,139
pcent_ageBin_PartII_3-pcent_ageBin_PartIV_2,149
pcent_ageBin_PartII_3-pcent_ageBin_PartIV_3,77
pcent_ageBin_PartII_3-pcent_ageBin_PartIV_4,150
pcent_ageBin_PartII_3-pcent_ageBin_PartIV_5,150
pcent_ageBin_PartII_3-pcent_ageBin_PartVI_1,2
pcent_ageBin_PartII_3-pcent_ageBin_PartVI_2,150
pcent_ageBin_PartII_3-pcent_ageBin_PartVI_3,150
pcent_ageBin_PartII_3-pcent_ageBin_PartVI_4,64
pcent_ageBin_PartII_3-pcent_ageBin_PartV_1,150
pcent_ageBin_PartII_3-pcent_ageBin_PartV_10,52
pcent_ageBin_PartII_3-pcent_ageBin_PartV_11,26
pcent_ageBin_PartII_3-pcent_ageBin_PartV_12,21
pcent_ageBin_PartII_3-pcent_ageBin_PartV_13,37
pcent_ageBin_PartII_3-pcent_ageBin_PartV_2,150
pcent_ageBin_PartII_3-pcent_ageBin_PartV_3,150
pcent_ageBin_PartII_3-pcent_ageBin_PartV_4,150
pcent_ageBin_PartII_3-pcent_ageBin_PartV_5,147
pcent_ageBin_PartII_3-pcent_ageBin_PartV_6,139
pcent_ageBin_PartII_3-pcent_ageBin_PartV_7,150
pcent_ageBin_PartII_3-pcent_ageBin_PartV_8,141
pcent_ageBin_PartII_3-pcent_ageBin_PartV_9,150
pcent_ageBin_PartII_4,77
pcent_ageBin_PartII_4-pcent_ageBin_PartIII_1,54
pcent_ageBin_PartII_4-pcent_ageBin_PartIII_2,150
pcent_ageBin_PartII_4-pcent_ageBin_PartIII_3,150
pcent_ageBin_PartII_4-pcent_ageBin_PartIV_1,96
pcent_ageBin_PartII_4-pcent_ageBin_PartIV_2,129
pcent_ageBin_PartII_4-pcent_ageBin_PartIV_3,19
pcent_ageBin_PartII_4-pcent_ageBin_PartIV_4,28
pcent_ageBin_PartII_4-pcent_ageBin_PartIV_5,108
pcent_ageBin_PartII_4-pcent_ageBin_PartVI_2,26
pcent_ageBin_PartII_4-pcent_ageBin_PartVI_3,119
pcent_ageBin_PartII_4-pcent_ageBin_PartV_1,150
pcent_ageBin_PartII_4-pcent_ageBin_PartV_10,150
pcent_ageBin_PartII_4-pcent_ageBin_PartV_11,56
pcent_ageBin_PartII_4-pcent_ageBin_PartV_12,36
pcent_ageBin_PartII_4-pcent_ageBin_PartV_2,146
pcent_ageBin_PartII_4-pcent_ageBin_PartV_3,146
pcent_ageBin_PartII_4-pcent_ageBin_PartV_4,150
pcent_ageBin_PartII_4-pcent_ageBin_PartV_5,150
pcent_ageBin_PartII_4-pcent_ageBin_PartV_6,115
pcent_ageBin_PartII_4-pcent_ageBin_PartV_7,113
pcent_ageBin_PartII_4-pcent_ageBin_PartV_8,150
pcent_ageBin_PartII_4-pcent_ageBin_PartV_9,1
pcent_ageBin_PartIV_1,150
pcent_ageBin_PartIV_1-pcent_ageBin_PartIV_2,150
pcent_ageBin_PartIV_1-pcent_ageBin_PartIV_3,1
pcent_ageBin_PartIV_1-pcent_ageBin_PartIV_4,150
pcent_ageBin_PartIV_1-pcent_ageBin_PartIV_5,150
pcent_ageBin_PartIV_1-pcent_ageBin_PartVI_1,3
pcent_ageBin_PartIV_1-pcent_ageBin_PartVI_2,82
pcent_ageBin_PartIV_1-pcent_ageBin_PartVI_3,140
pcent_ageBin_PartIV_1-pcent_ageBin_PartV_1,150
pcent_ageBin_PartIV_1-pcent_ageBin_PartV_10,30
pcent_ageBin_PartIV_1-pcent_ageBin_PartV_11,24
pcent_ageBin_PartIV_1-pcent_ageBin_PartV_2,150
pcent_ageBin_PartIV_1-pcent_ageBin_PartV_3,150
pcent_ageBin_PartIV_1-pcent_ageBin_PartV_4,150
pcent_ageBin_PartIV_1-pcent_ageBin_PartV_5,150
pcent_ageBin_PartIV_1-pcent_ageBin_PartV_6,45
pcent_ageBin_PartIV_1-pcent_ageBin_PartV_7,150
pcent_ageBin_PartIV_1-pcent_ageBin_PartV_8,100
pcent_ageBin_PartIV_1-pcent_ageBin_PartV_9,7
pcent_ageBin_PartIV_2,40
pcent_ageBin_PartIV_2-pcent_ageBin_PartIV_3,150
pcent_ageBin_PartIV_2-pcent_ageBin_PartIV_4,8
pcent_ageBin_PartIV_2-pcent_ageBin_PartIV_5,1
pcent_ageBin_PartIV_2-pcent_ageBin_PartVI_1,66
pcent_ageBin_PartIV_2-pcent_ageBin_PartVI_2,133
pcent_ageBin_PartIV_2-pcent_ageBin_PartVI_3,149
pcent_ageBin_PartIV_2-pcent_ageBin_PartVI_4,6
pcent_ageBin_PartIV_2-pcent_ageBin_PartV_1,150
pcent_ageBin_PartIV_2-pcent_ageBin_PartV_10,135
pcent_ageBin_PartIV_2-pcent_ageBin_PartV_11,4
pcent_ageBin_PartIV_2-pcent_ageBin_PartV_12,31
pcent_ageBin_PartIV_2-pcent_ageBin_PartV_2,150
pcent_ageBin_PartIV_2-pcent_ageBin_PartV_3,150
pcent_ageBin_PartIV_2-pcent_ageBin_PartV_4,150
pcent_ageBin_PartIV_2-pcent_ageBin_PartV_5,150
pcent_ageBin_PartIV_2-pcent_ageBin_PartV_6,1
pcent_ageBin_PartIV_2-pcent_ageBin_PartV_7,150
pcent_ageBin_PartIV_2-pcent_ageBin_PartV_8,149
pcent_ageBin_PartIV_2-pcent_ageBin_PartV_9,51
pcent_ageBin_PartIV_3,150
pcent_ageBin_PartIV_3-pcent_ageBin_PartIV_4,150
pcent_ageBin_PartIV_3-pcent_ageBin_PartIV_5,150
pcent_ageBin_PartIV_3-pcent_ageBin_PartVI_2,104
pcent_ageBin_PartIV_3-pcent_ageBin_PartVI_3,149
pcent_ageBin_PartIV_3-pcent_ageBin_PartV_1,150
pcent_ageBin_PartIV_3-pcent_ageBin_PartV_10,87
pcent_ageBin_PartIV_3-pcent_ageBin_PartV_11,26
pcent_ageBin_PartIV_3-pcent_ageBin_PartV_12,13
pcent_ageBin_PartIV_3-pcent_ageBin_PartV_13,20
pcent_ageBin_PartIV_3-pcent_ageBin_PartV_2,150
pcent_ageBin_PartIV_3-pcent_ageBin_PartV_3,150
pcent_ageBin_PartIV_3-pcent_ageBin_PartV_4,150
pcent_ageBin_PartIV_3-pcent_ageBin_PartV_5,150
pcent_ageBin_PartIV_3-pcent_ageBin_PartV_7,148
pcent_ageBin_PartIV_3-pcent_ageBin_PartV_8,96
pcent_ageBin_PartIV_3-pcent_ageBin_PartV_9,16
pcent_ageBin_PartIV_4,150
pcent_ageBin_PartIV_4-pcent_ageBin_PartIV_5,148
pcent_ageBin_PartIV_4-pcent_ageBin_PartVI_1,21
pcent_ageBin_PartIV_4-pcent_ageBin_PartVI_2,3
pcent_ageBin_PartIV_4-pcent_ageBin_PartVI_3,16
pcent_ageBin_PartIV_4-pcent_ageBin_PartVI_4,4
pcent_ageBin_PartIV_4-pcent_ageBin_PartV_1,150
pcent_ageBin_PartIV_4-pcent_ageBin_PartV_10,2
pcent_ageBin_PartIV_4-pcent_ageBin_PartV_11,19
pcent_ageBin_PartIV_4-pcent_ageBin_PartV_2,150
pcent_ageBin_PartIV_4-pcent_ageBin_PartV_3,150
pcent_ageBin_PartIV_4-pcent_ageBin_PartV_4,150
pcent_ageBin_PartIV_4-pcent_ageBin_PartV_5,150
pcent_ageBin_PartIV_4-pcent_ageBin_PartV_6,10
pcent_ageBin_PartIV_4-pcent_ageBin_PartV_7,150
pcent_ageBin_PartIV_4-pcent_ageBin_PartV_8,150
pcent_ageBin_PartIV_4-pcent_ageBin_PartV_9,18
pcent_ageBin_PartIV_5,150
pcent_ageBin_PartIV_5-pcent_ageBin_PartVI_1,19
pcent_ageBin_PartIV_5-pcent_ageBin_PartVI_2,3
pcent_ageBin_PartIV_5-pcent_ageBin_PartVI_3,57
pcent_ageBin_PartIV_5-pcent_ageBin_PartV_1,150
pcent_ageBin_PartIV_5-pcent_ageBin_PartV_10,22
pcent_ageBin_PartIV_5-pcent_ageBin_PartV_11,150
pcent_ageBin_PartIV_5-pcent_ageBin_PartV_12,31
pcent_ageBin_PartIV_5-pcent_ageBin_PartV_13,8
pcent_ageBin_PartIV_5-pcent_ageBin_PartV_2,150
pcent_ageBin_PartIV_5-pcent_ageBin_PartV_3,150
pcent_ageBin_PartIV_5-pcent_ageBin_PartV_4,150
pcent_ageBin_PartIV_5-pcent_ageBin_PartV_5,150
pcent_ageBin_PartIV_5-pcent_ageBin_PartV_6,150
pcent_ageBin_PartIV_5-pcent_ageBin_PartV_7,148
pcent_ageBin_PartIV_5-pcent_ageBin_PartV_8,150
pcent_ageBin_PartIV_5-pcent_ageBin_PartV_9,6
pcent_ageBin_PartI_1,150
pcent_ageBin_PartI_1-pcent_ageBin_PartIII_1,150
pcent_ageBin_PartI_1-pcent_ageBin_PartIII_2,150
pcent_ageBin_PartI_1-pcent_ageBin_PartIII_3,150
pcent_ageBin_PartI_1-pcent_ageBin_PartII_1,150
pcent_ageBin_PartI_1-pcent_ageBin_PartII_2,150
pcent_ageBin_PartI_1-pcent_ageBin_PartII_3,150
pcent_ageBin_PartI_1-pcent_ageBin_PartII_4,150
pcent_ageBin_PartI_1-pcent_ageBin_PartIV_1,150
pcent_ageBin_PartI_1-pcent_ageBin_PartIV_2,150
pcent_ageBin_PartI_1-pcent_ageBin_PartIV_3,150
pcent_ageBin_PartI_1-pcent_ageBin_PartIV_4,150
pcent_ageBin_PartI_1-pcent_ageBin_PartIV_5,150
pcent_ageBin_PartI_1-pcent_ageBin_PartI_2,150
pcent_ageBin_PartI_1-pcent_ageBin_PartI_3,150
pcent_ageBin_PartI_1-pcent_ageBin_PartI_4,150
pcent_ageBin_PartI_1-pcent_ageBin_PartI_5,150
pcent_ageBin_PartI_1-pcent_ageBin_PartI_6,150
pcent_ageBin_PartI_1-pcent_ageBin_PartI_7,142
pcent_ageBin_PartI_1-pcent_ageBin_PartI_8,120
pcent_ageBin_PartI_1-pcent_ageBin_PartVI_1,150
pcent_ageBin_PartI_1-pcent_ageBin_PartVI_2,150
pcent_ageBin_PartI_1-pcent_ageBin_PartVI_3,150
pcent_ageBin_PartI_1-pcent_ageBin_PartVI_4,150
pcent_ageBin_PartI_1-pcent_ageBin_PartV_1,150
pcent_ageBin_PartI_1-pcent_ageBin_PartV_10,150
pcent_ageBin_PartI_1-pcent_ageBin_PartV_11,143
pcent_ageBin_PartI_1-pcent_ageBin_PartV_12,21
pcent_ageBin_PartI_1-pcent_ageBin_PartV_13,134
pcent_ageBin_PartI_1-pcent_ageBin_PartV_2,150
pcent_ageBin_PartI_1-pcent_ageBin_PartV_3,150
pcent_ageBin_PartI_1-pcent_ageBin_PartV_4,150
pcent_ageBin_PartI_1-pcent_ageBin_PartV_5,150
pcent_ageBin_PartI_1-pcent_ageBin_PartV_6,4
pcent_ageBin_PartI_1-pcent_ageBin_PartV_7,150
pcent_ageBin_PartI_1-pcent_ageBin_PartV_8,150
pcent_ageBin_PartI_1-pcent_ageBin_PartV_9,150
pcent_ageBin_PartI_2,150
pcent_ageBin_PartI_2-pcent_ageBin_PartIII_1,150
pcent_ageBin_PartI_2-pcent_ageBin_PartIII_2,150
pcent_ageBin_PartI_2-pcent_ageBin_PartIII_3,150
pcent_ageBin_PartI_2-pcent_ageBin_PartII_1,150
pcent_ageBin_PartI_2-pcent_ageBin_PartII_2,150
pcent_ageBin_PartI_2-pcent_ageBin_PartII_3,150
pcent_ageBin_PartI_2-pcent_ageBin_PartII_4,150
pcent_ageBin_PartI_2-pcent_ageBin_PartIV_1,150
pcent_ageBin_PartI_2-pcent_ageBin_PartIV_2,150
pcent_ageBin_PartI_2-pcent_ageBin_PartIV_3,150
pcent_ageBin_PartI_2-pcent_ageBin_PartIV_4,150
pcent_ageBin_PartI_2-pcent_ageBin_PartIV_5,150
pcent_ageBin_PartI_2-pcent_ageBin_PartI_3,147
pcent_ageBin_PartI_2-pcent_ageBin_PartI_4,150
pcent_ageBin_PartI_2-pcent_ageBin_PartI_5,86
pcent_ageBin_PartI_2-pcent_ageBin_PartI_6,146
pcent_ageBin_PartI_2-pcent_ageBin_PartI_7,148
pcent_ageBin_PartI_2-pcent_ageBin_PartI_8,147
pcent_ageBin_PartI_2-pcent_ageBin_PartVI_1,150
pcent_ageBin_PartI_2-pcent_ageBin_PartVI_2,16
pcent_ageBin_PartI_2-pcent_ageBin_PartVI_3,54
pcent_ageBin_PartI_2-pcent_ageBin_PartVI_4,150
pcent_ageBin_PartI_2-pcent_ageBin_PartV_1,149
pcent_ageBin_PartI_2-pcent_ageBin_PartV_10,150
pcent_ageBin_PartI_2-pcent_ageBin_PartV_11,144
pcent_ageBin_PartI_2-pcent_ageBin_PartV_12,11
pcent_ageBin_PartI_2-pcent_ageBin_PartV_13,100
pcent_ageBin_PartI_2-pcent_ageBin_PartV_2,150
pcent_ageBin_PartI_2-pcent_ageBin_PartV_3,68
pcent_ageBin_PartI_2-pcent_ageBin_PartV_4,105
pcent_ageBin_PartI_2-pcent_ageBin_PartV_5,150
pcent_ageBin_PartI_2-pcent_ageBin_PartV_6,147
pcent_ageBin_PartI_2-pcent_ageBin_PartV_7,88
pcent_ageBin_PartI_2-pcent_ageBin_PartV_8,150
pcent_ageBin_PartI_2-pcent_ageBin_PartV_9,89
pcent_ageBin_PartI_3,150
pcent_ageBin_PartI_3-pcent_ageBin_PartIII_1,130
pcent_ageBin_PartI_3-pcent_ageBin_PartIII_2,150
pcent_ageBin_PartI_3-pcent_ageBin_PartIII_3,150
pcent_ageBin_PartI_3-pcent_ageBin_PartII_1,123
pcent_ageBin_PartI_3-pcent_ageBin_PartII_2,4
pcent_ageBin_PartI_3-pcent_ageBin_PartII_3,150
pcent_ageBin_PartI_3-pcent_ageBin_PartII_4,35
pcent_ageBin_PartI_3-pcent_ageBin_PartIV_1,138
pcent_ageBin_PartI_3-pcent_ageBin_PartIV_2,150
pcent_ageBin_PartI_3-pcent_ageBin_PartIV_3,146
pcent_ageBin_PartI_3-pcent_ageBin_PartIV_4,143
pcent_ageBin_PartI_3-pcent_ageBin_PartIV_5,116
pcent_ageBin_PartI_3-pcent_ageBin_PartI_4,150
pcent_ageBin_PartI_3-pcent_ageBin_PartI_5,16
pcent_ageBin_PartI_3-pcent_ageBin_PartI_6,76
pcent_ageBin_PartI_3-pcent_ageBin_PartI_7,75
pcent_ageBin_PartI_3-pcent_ageBin_PartI_8,91
pcent_ageBin_PartI_3-pcent_ageBin_PartVI_1,149
pcent_ageBin_PartI_3-pcent_ageBin_PartVI_2,9
pcent_ageBin_PartI_3-pcent_ageBin_PartVI_3,105
pcent_ageBin_PartI_3-pcent_ageBin_PartVI_4,144
pcent_ageBin_PartI_3-pcent_ageBin_PartV_1,150
pcent_ageBin_PartI_3-pcent_ageBin_PartV_10,150
pcent_ageBin_PartI_3-pcent_ageBin_PartV_11,150
pcent_ageBin_PartI_3-pcent_ageBin_PartV_12,12
pcent_ageBin_PartI_3-pcent_ageBin_PartV_13,49
pcent_ageBin_PartI_3-pcent_ageBin_PartV_2,144
pcent_ageBin_PartI_3-pcent_ageBin_PartV_3,100
pcent_ageBin_PartI_3-pcent_ageBin_PartV_4,110
pcent_ageBin_PartI_3-pcent_ageBin_PartV_5,150
pcent_ageBin_PartI_3-pcent_ageBin_PartV_6,137
pcent_ageBin_PartI_3-pcent_ageBin_PartV_7,99
pcent_ageBin_PartI_3-pcent_ageBin_PartV_8,150
pcent_ageBin_PartI_3-pcent_ageBin_PartV_9,9
pcent_ageBin_PartI_4,150
pcent_ageBin_PartI_4-pcent_ageBin_PartIII_1,148
pcent_ageBin_PartI_4-pcent_ageBin_PartIII_2,150
pcent_ageBin_PartI_4-pcent_ageBin_PartIII_3,150
pcent_ageBin_PartI_4-pcent_ageBin_PartII_1,138
pcent_ageBin_PartI_4-pcent_ageBin_PartII_2,150
pcent_ageBin_PartI_4-pcent_ageBin_PartII_3,150
pcent_ageBin_PartI_4-pcent_ageBin_PartII_4,150
pcent_ageBin_PartI_4-pcent_ageBin_PartIV_1,150
pcent_ageBin_PartI_4-pcent_ageBin_PartIV_2,150
pcent_ageBin_PartI_4-pcent_ageBin_PartIV_3,150
pcent_ageBin_PartI_4-pcent_ageBin_PartIV_4,150
pcent_ageBin_PartI_4-pcent_ageBin_PartIV_5,150
pcent_ageBin_PartI_4-pcent_ageBin_PartI_5,130
pcent_ageBin_PartI_4-pcent_ageBin_PartI_6,149
pcent_ageBin_PartI_4-pcent_ageBin_PartI_7,150
pcent_ageBin_PartI_4-pcent_ageBin_PartI_8,150
pcent_ageBin_PartI_4-pcent_ageBin_PartVI_1,150
pcent_ageBin_PartI_4-pcent_ageBin_PartVI_2,36
pcent_ageBin_PartI_4-pcent_ageBin_PartVI_3,16
pcent_ageBin_PartI_4-pcent_ageBin_PartVI_4,150
pcent_ageBin_PartI_4-pcent_ageBin_PartV_1,63
pcent_ageBin_PartI_4-pcent_ageBin_PartV_10,150
pcent_ageBin_PartI_4-pcent_ageBin_PartV_11,150
pcent_ageBin_PartI_4-pcent_ageBin_PartV_12,150
pcent_ageBin_PartI_4-pcent_ageBin_PartV_13,150
pcent_ageBin_PartI_4-pcent_ageBin_PartV_2,141
pcent_ageBin_PartI_4-pcent_ageBin_PartV_3,148
pcent_ageBin_PartI_4-pcent_ageBin_PartV_4,149
pcent_ageBin_PartI_4-pcent_ageBin_PartV_5,150
pcent_ageBin_PartI_4-pcent_ageBin_PartV_6,150
pcent_ageBin_PartI_4-pcent_ageBin_PartV_7,11
pcent_ageBin_PartI_4-pcent_ageBin_PartV_8,150
pcent_ageBin_PartI_4-pcent_ageBin_PartV_9,120
pcent_ageBin_PartI_5,1
pcent_ageBin_PartI_5-pcent_ageBin_PartIII_1,53
pcent_ageBin_PartI_5-pcent_ageBin_PartIII_2,31
pcent_ageBin_PartI_5-pcent_ageBin_PartIII_3,145
pcent_ageBin_PartI_5-pcent_ageBin_PartII_1,78
pcent_ageBin_PartI_5-pcent_ageBin_PartII_2,7
pcent_ageBin_PartI_5-pcent_ageBin_PartII_3,150
pcent_ageBin_PartI_5-pcent_ageBin_PartII_4,25
pcent_ageBin_PartI_5-pcent_ageBin_PartIV_2,7
pcent_ageBin_PartI_5-pcent_ageBin_PartIV_3,13
pcent_ageBin_PartI_5-pcent_ageBin_PartI_6,146
pcent_ageBin_PartI_5-pcent_ageBin_PartI_7,150
pcent_ageBin_PartI_5-pcent_ageBin_PartI_8,5
pcent_ageBin_PartI_5-pcent_ageBin_PartVI_1,16
pcent_ageBin_PartI_5-pcent_ageBin_PartVI_2,2
pcent_ageBin_PartI_5-pcent_ageBin_PartVI_3,39
pcent_ageBin_PartI_5-pcent_ageBin_PartVI_4,9
pcent_ageBin_PartI_5-pcent_ageBin_PartV_1,60
pcent_ageBin_PartI_5-pcent_ageBin_PartV_10,23
pcent_ageBin_PartI_5-pcent_ageBin_PartV_2,37
pcent_ageBin_PartI_5-pcent_ageBin_PartV_3,45
pcent_ageBin_PartI_5-pcent_ageBin_PartV_4,8
pcent_ageBin_PartI_5-pcent_ageBin_PartV_5,140
pcent_ageBin_PartI_5-pcent_ageBin_PartV_6,1
pcent_ageBin_PartI_5-pcent_ageBin_PartV_7,7
pcent_ageBin_PartI_5-pcent_ageBin_PartV_8,142
pcent_ageBin_PartI_6,145
pcent_ageBin_PartI_6-pcent_ageBin_PartIII_1,25
pcent_ageBin_PartI_6-pcent_ageBin_PartIII_2,150
pcent_ageBin_PartI_6-pcent_ageBin_PartIII_3,150
pcent_ageBin_PartI_6-pcent_ageBin_PartII_1,59
pcent_ageBin_PartI_6-pcent_ageBin_PartII_2,12
pcent_ageBin_PartI_6-pcent_ageBin_PartII_3,150
pcent_ageBin_PartI_6-pcent_ageBin_PartII_4,39
pcent_ageBin_PartI_6-pcent_ageBin_PartIV_1,127
pcent_ageBin_PartI_6-pcent_ageBin_PartIV_2,149
pcent_ageBin_PartI_6-pcent_ageBin_PartIV_3,150
pcent_ageBin_PartI_6-pcent_ageBin_PartIV_4,13
pcent_ageBin_PartI_6-pcent_ageBin_PartIV_5,92
pcent_ageBin_PartI_6-pcent_ageBin_PartI_7,144
pcent_ageBin_PartI_6-pcent_ageBin_PartI_8,2
pcent_ageBin_PartI_6-pcent_ageBin_PartVI_1,27
pcent_ageBin_PartI_6-pcent_ageBin_PartVI_2,25
pcent_ageBin_PartI_6-pcent_ageBin_PartVI_3,102
pcent_ageBin_PartI_6-pcent_ageBin_PartVI_4,1
pcent_ageBin_PartI_6-pcent_ageBin_PartV_1,116
pcent_ageBin_PartI_6-pcent_ageBin_PartV_10,149
pcent_ageBin_PartI_6-pcent_ageBin_PartV_11,22
pcent_ageBin_PartI_6-pcent_ageBin_PartV_12,61
pcent_ageBin_PartI_6-pcent_ageBin_PartV_13,47
pcent_ageBin_PartI_6-pcent_ageBin_PartV_2,148
pcent_ageBin_PartI_6-pcent_ageBin_PartV_3,150
pcent_ageBin_PartI_6-pcent_ageBin_PartV_4,150
pcent_ageBin_PartI_6-pcent_ageBin_PartV_5,150
pcent_ageBin_PartI_6-pcent_ageBin_PartV_6,150
pcent_ageBin_PartI_6-pcent_ageBin_PartV_7,49
pcent_ageBin_PartI_6-pcent_ageBin_PartV_8,150
pcent_ageBin_PartI_6-pcent_ageBin_PartV_9,10
pcent_ageBin_PartI_7,57
pcent_ageBin_PartI_7-pcent_ageBin_PartIII_1,83
pcent_ageBin_PartI_7-pcent_ageBin_PartIII_2,91
pcent_ageBin_PartI_7-pcent_ageBin_PartIII_3,144
pcent_ageBin_PartI_7-pcent_ageBin_PartII_1,150
pcent_ageBin_PartI_7-pcent_ageBin_PartII_2,70
pcent_ageBin_PartI_7-pcent_ageBin_PartII_3,90
pcent_ageBin_PartI_7-pcent_ageBin_PartII_4,108
pcent_ageBin_PartI_7-pcent_ageBin_PartIV_1,12
pcent_ageBin_PartI_7-pcent_ageBin_PartIV_2,1
pcent_ageBin_PartI_7-pcent_ageBin_PartIV_3,42
pcent_ageBin_PartI_7-pcent_ageBin_PartIV_4,1
pcent_ageBin_PartI_7-pcent_ageBin_PartIV_5,26
pcent_ageBin_PartI_7-pcent_ageBin_PartI_8,137
pcent_ageBin_PartI_7-pcent_ageBin_PartVI_1,61
pcent_ageBin_PartI_7-pcent_ageBin_PartVI_2,77
pcent_ageBin_PartI_7-pcent_ageBin_PartVI_3,139
pcent_ageBin_PartI_7-pcent_ageBin_PartVI_4,74
pcent_ageBin_PartI_7-pcent_ageBin_PartV_1,143
pcent_ageBin_PartI_7-pcent_ageBin_PartV_10,53
pcent_ageBin_PartI_7-pcent_ageBin_PartV_11,10
pcent_ageBin_PartI_7-pcent_ageBin_PartV_2,150
pcent_ageBin_PartI_7-pcent_ageBin_PartV_3,150
pcent_ageBin_PartI_7-pcent_ageBin_PartV_4,139
pcent_ageBin_PartI_7-pcent_ageBin_PartV_5,19
pcent_ageBin_PartI_7-pcent_ageBin_PartV_7,122
pcent_ageBin_PartI_7-pcent_ageBin_PartV_8,98
pcent_ageBin_PartI_7-pcent_ageBin_PartV_9,60
pcent_ageBin_PartI_8,126
pcent_ageBin_PartI_8-pcent_ageBin_PartIII_1,114
pcent_ageBin_PartI_8-pcent_ageBin_PartIII_2,150
pcent_ageBin_PartI_8-pcent_ageBin_PartIII_3,150
pcent_ageBin_PartI_8-pcent_ageBin_PartII_1,116
pcent_ageBin_PartI_8-pcent_ageBin_PartII_2,60
pcent_ageBin_PartI_8-pcent_ageBin_PartII_3,149
pcent_ageBin_PartI_8-pcent_ageBin_PartII_4,92
pcent_ageBin_PartI_8-pcent_ageBin_PartIV_1,6
pcent_ageBin_PartI_8-pcent_ageBin_PartIV_2,143
pcent_ageBin_PartI_8-pcent_ageBin_PartIV_3,118
pcent_ageBin_PartI_8-pcent_ageBin_PartIV_4,14
pcent_ageBin_PartI_8-pcent_ageBin_PartIV_5,15
pcent_ageBin_PartI_8-pcent_ageBin_PartVI_1,17
pcent_ageBin_PartI_8-pcent_ageBin_PartVI_2,14
pcent_ageBin_PartI_8-pcent_ageBin_PartVI_3,97
pcent_ageBin_PartI_8-pcent_ageBin_PartV_1,139
pcent_ageBin_PartI_8-pcent_ageBin_PartV_10,110
pcent_ageBin_PartI_8-pcent_ageBin_PartV_11,126
pcent_ageBin_PartI_8-pcent_ageBin_PartV_12,117
pcent_ageBin_PartI_8-pcent_ageBin_PartV_13,77
pcent_ageBin_PartI_8-pcent_ageBin_PartV_2,150
pcent_ageBin_PartI_8-pcent_ageBin_PartV_3,150
pcent_ageBin_PartI_8-pcent_ageBin_PartV_4,150
pcent_ageBin_PartI_8-pcent_ageBin_PartV_5,150
pcent_ageBin_PartI_8-pcent_ageBin_PartV_6,149
pcent_ageBin_PartI_8-pcent_ageBin_PartV_7,129
pcent_ageBin_PartI_8-pcent_ageBin_PartV_8,146
pcent_ageBin_PartI_8-pcent_ageBin_PartV_9,108
pcent_ageBin_PartVI_1,2
pcent_ageBin_PartVI_1-pcent_ageBin_PartVI_2,109
pcent_ageBin_PartVI_1-pcent_ageBin_PartVI_3,123
pcent_ageBin_PartVI_1-pcent_ageBin_PartVI_4,150
pcent_ageBin_PartVI_1-pcent_ageBin_PartV_10,9
pcent_ageBin_PartVI_1-pcent_ageBin_PartV_11,28
pcent_ageBin_PartVI_1-pcent_ageBin_PartV_12,4
pcent_ageBin_PartVI_1-pcent_ageBin_PartV_13,81
pcent_ageBin_PartVI_1-pcent_ageBin_PartV_9,135
pcent_ageBin_PartVI_2,109
pcent_ageBin_PartVI_2-pcent_ageBin_PartVI_3,148
pcent_ageBin_PartVI_2-pcent_ageBin_PartVI_4,44
pcent_ageBin_PartVI_2-pcent_ageBin_PartV_10,150
pcent_ageBin_PartVI_2-pcent_ageBin_PartV_11,51
pcent_ageBin_PartVI_2-pcent_ageBin_PartV_12,149
pcent_ageBin_PartVI_2-pcent_ageBin_PartV_13,46
pcent_ageBin_PartVI_2-pcent_ageBin_PartV_9,24
pcent_ageBin_PartVI_3,150
pcent_ageBin_PartVI_3-pcent_ageBin_PartVI_4,93
pcent_ageBin_PartVI_3-pcent_ageBin_PartV_10,150
pcent_ageBin_PartVI_3-pcent_ageBin_PartV_11,146
pcent_ageBin_PartVI_3-pcent_ageBin_PartV_12,98
pcent_ageBin_PartVI_3-pcent_ageBin_PartV_13,15
pcent_ageBin_PartVI_3-pcent_ageBin_PartV_9,49
pcent_ageBin_PartVI_4-pcent_ageBin_PartV_10,51
pcent_ageBin_PartVI_4-pcent_ageBin_PartV_11,23
pcent_ageBin_PartVI_4-pcent_ageBin_PartV_13,56
pcent_ageBin_PartVI_4-pcent_ageBin_PartV_9,7
pcent_ageBin_PartV_1,150
pcent_ageBin_PartV_1-pcent_ageBin_PartVI_1,150
pcent_ageBin_PartV_1-pcent_ageBin_PartVI_2,6
pcent_ageBin_PartV_1-pcent_ageBin_PartVI_4,150
pcent_ageBin_PartV_1-pcent_ageBin_PartV_10,150
pcent_ageBin_PartV_1-pcent_ageBin_PartV_11,147
pcent_ageBin_PartV_1-pcent_ageBin_PartV_12,122
pcent_ageBin_PartV_1-pcent_ageBin_PartV_13,100
pcent_ageBin_PartV_1-pcent_ageBin_PartV_2,64
pcent_ageBin_PartV_1-pcent_ageBin_PartV_3,44
pcent_ageBin_PartV_1-pcent_ageBin_PartV_4,99
pcent_ageBin_PartV_1-pcent_ageBin_PartV_5,150
pcent_ageBin_PartV_1-pcent_ageBin_PartV_6,150
pcent_ageBin_PartV_1-pcent_ageBin_PartV_7,41
pcent_ageBin_PartV_1-pcent_ageBin_PartV_8,150
pcent_ageBin_PartV_1-pcent_ageBin_PartV_9,62
pcent_ageBin_PartV_10,3
pcent_ageBin_PartV_10-pcent_ageBin_PartV_11,9
pcent_ageBin_PartV_10-pcent_ageBin_PartV_12,11
pcent_ageBin_PartV_10-pcent_ageBin_PartV_13,17
pcent_ageBin_PartV_11-pcent_ageBin_PartV_12,21
pcent_ageBin_PartV_11-pcent_ageBin_PartV_13,39
pcent_ageBin_PartV_12-pcent_ageBin_PartV_13,8
pcent_ageBin_PartV_13,12
pcent_ageBin_PartV_2,150
pcent_ageBin_PartV_2-pcent_ageBin_PartVI_1,150
pcent_ageBin_PartV_2-pcent_ageBin_PartVI_2,135
pcent_ageBin_PartV_2-pcent_ageBin_PartVI_3,38
pcent_ageBin_PartV_2-pcent_ageBin_PartVI_4,150
pcent_ageBin_PartV_2-pcent_ageBin_PartV_10,150
pcent_ageBin_PartV_2-pcent_ageBin_PartV_11,150
pcent_ageBin_PartV_2-pcent_ageBin_PartV_12,128
pcent_ageBin_PartV_2-pcent_ageBin_PartV_13,148
pcent_ageBin_PartV_2-pcent_ageBin_PartV_3,150
pcent_ageBin_PartV_2-pcent_ageBin_PartV_4,150
pcent_ageBin_PartV_2-pcent_ageBin_PartV_5,150
pcent_ageBin_PartV_2-pcent_ageBin_PartV_6,150
pcent_ageBin_PartV_2-pcent_ageBin_PartV_7,150
pcent_ageBin_PartV_2-pcent_ageBin_PartV_8,150
pcent_ageBin_PartV_2-pcent_ageBin_PartV_9,3
pcent_ageBin_PartV_3,150
pcent_ageBin_PartV_3-pcent_ageBin_PartVI_1,150
pcent_ageBin_PartV_3-pcent_ageBin_PartVI_2,83
pcent_ageBin_PartV_3-pcent_ageBin_PartVI_3,64
pcent_ageBin_PartV_3-pcent_ageBin_PartVI_4,150
pcent_ageBin_PartV_3-pcent_ageBin_PartV_10,150
pcent_ageBin_PartV_3-pcent_ageBin_PartV_11,150
pcent_ageBin_PartV_3-pcent_ageBin_PartV_12,129
pcent_ageBin_PartV_3-pcent_ageBin_PartV_13,149
pcent_ageBin_PartV_3-pcent_ageBin_PartV_4,150
pcent_ageBin_PartV_3-pcent_ageBin_PartV_5,150
pcent_ageBin_PartV_3-pcent_ageBin_PartV_6,150
pcent_ageBin_PartV_3-pcent_ageBin_PartV_7,150
pcent_ageBin_PartV_3-pcent_ageBin_PartV_8,150
pcent_ageBin_PartV_3-pcent_ageBin_PartV_9,32
pcent_ageBin_PartV_4,150
pcent_ageBin_PartV_4-pcent_ageBin_PartVI_1,150
pcent_ageBin_PartV_4-pcent_ageBin_PartVI_2,57
pcent_ageBin_PartV_4-pcent_ageBin_PartVI_3,69
pcent_ageBin_PartV_4-pcent_ageBin_PartVI_4,142
pcent_ageBin_PartV_4-pcent_ageBin_PartV_10,150
pcent_ageBin_PartV_4-pcent_ageBin_PartV_11,143
pcent_ageBin_PartV_4-pcent_ageBin_PartV_12,35
pcent_ageBin_PartV_4-pcent_ageBin_PartV_13,132
pcent_ageBin_PartV_4-pcent_ageBin_PartV_5,150
pcent_ageBin_PartV_4-pcent_ageBin_PartV_6,150
pcent_ageBin_PartV_4-pcent_ageBin_PartV_7,150
pcent_ageBin_PartV_4-pcent_ageBin_PartV_8,150
pcent_ageBin_PartV_4-pcent_ageBin_PartV_9,3
pcent_ageBin_PartV_5,150
pcent_ageBin_PartV_5-pcent_ageBin_PartVI_1,77
pcent_ageBin_PartV_5-pcent_ageBin_PartVI_2,150
pcent_ageBin_PartV_5-pcent_ageBin_PartVI_3,150
pcent_ageBin_PartV_5-pcent_ageBin_PartVI_4,146
pcent_ageBin_PartV_5-pcent_ageBin_PartV_10,6
pcent_ageBin_PartV_5-pcent_ageBin_PartV_11,33
pcent_ageBin_PartV_5-pcent_ageBin_PartV_12,69
pcent_ageBin_PartV_5-pcent_ageBin_PartV_13,145
pcent_ageBin_PartV_5-pcent_ageBin_PartV_6,150
pcent_ageBin_PartV_5-pcent_ageBin_PartV_7,150
pcent_ageBin_PartV_5-pcent_ageBin_PartV_8,6
pcent_ageBin_PartV_5-pcent_ageBin_PartV_9,150
pcent_ageBin_PartV_6,18
pcent_ageBin_PartV_6-pcent_ageBin_PartVI_1,23
pcent_ageBin_PartV_6-pcent_ageBin_PartVI_2,150
pcent_ageBin_PartV_6-pcent_ageBin_PartVI_3,150
pcent_ageBin_PartV_6-pcent_ageBin_PartVI_4,36
pcent_ageBin_PartV_6-pcent_ageBin_PartV_11,34
pcent_ageBin_PartV_6-pcent_ageBin_PartV_13,24
pcent_ageBin_PartV_6-pcent_ageBin_PartV_7,150
pcent_ageBin_PartV_6-pcent_ageBin_PartV_8,60
pcent_ageBin_PartV_6-pcent_ageBin_PartV_9,146
pcent_ageBin_PartV_7,150
pcent_ageBin_PartV_7-pcent_ageBin_PartVI_1,150
pcent_ageBin_PartV_7-pcent_ageBin_PartVI_2,7
pcent_ageBin_PartV_7-pcent_ageBin_PartVI_3,26
pcent_ageBin_PartV_7-pcent_ageBin_PartVI_4,144
pcent_ageBin_PartV_7-pcent_ageBin_PartV_10,150
pcent_ageBin_PartV_7-pcent_ageBin_PartV_11,150
pcent_ageBin_PartV_7-pcent_ageBin_PartV_12,130
pcent_ageBin_PartV_7-pcent_ageBin_PartV_13,137
pcent_ageBin_PartV_7-pcent_ageBin_PartV_8,150
pcent_ageBin_PartV_7-pcent_ageBin_PartV_9,144
pcent_ageBin_PartV_8,150
pcent_ageBin_PartV_8-pcent_ageBin_PartVI_1,53
pcent_ageBin_PartV_8-pcent_ageBin_PartVI_2,150
pcent_ageBin_PartV_8-pcent_ageBin_PartVI_3,150
pcent_ageBin_PartV_8-pcent_ageBin_PartVI_4,149
pcent_ageBin_PartV_8-pcent_ageBin_PartV_10,18
pcent_ageBin_PartV_8-pcent_ageBin_PartV_11,32
pcent_ageBin_PartV_8-pcent_ageBin_PartV_12,147
pcent_ageBin_PartV_8-pcent_ageBin_PartV_13,150
pcent_ageBin_PartV_8-pcent_ageBin_PartV_9,150
pcent_ageBin_PartV_9-pcent_ageBin_PartV_10,1
pcent_ageBin_PartV_9-pcent_ageBin_PartV_11,3
pcent_sex_PartIII_1,150
pcent_sex_PartIII_1-pcent_sex_PartIII_2,150
pcent_sex_PartIII_1-pcent_sex_PartIII_3,150
pcent_sex_PartIII_1-pcent_sex_PartIV_1,150
pcent_sex_PartIII_1-pcent_sex_PartIV_2,150
pcent_sex_PartIII_1-pcent_sex_PartIV_3,150
pcent_sex_PartIII_1-pcent_sex_PartIV_4,146
pcent_sex_PartIII_1-pcent_sex_PartIV_5,150
pcent_sex_PartIII_1-pcent_sex_PartVI_1,150
pcent_sex_PartIII_1-pcent_sex_PartVI_2,4
pcent_sex_PartIII_1-pcent_sex_PartVI_3,128
pcent_sex_PartIII_1-pcent_sex_PartVI_4,150
pcent_sex_PartIII_1-pcent_sex_PartV_1,19
pcent_sex_PartIII_1-pcent_sex_PartV_10,150
pcent_sex_PartIII_1-pcent_sex_PartV_11,143
pcent_sex_PartIII_1-pcent_sex_PartV_12,97
pcent_sex_PartIII_1-pcent_sex_PartV_13,150
pcent_sex_PartIII_1-pcent_sex_PartV_2,150
pcent_sex_PartIII_1-pcent_sex_PartV_3,150
pcent_sex_PartIII_1-pcent_sex_PartV_4,150
pcent_sex_PartIII_1-pcent_sex_PartV_5,150
pcent_sex_PartIII_1-pcent_sex_PartV_6,150
pcent_sex_PartIII_1-pcent_sex_PartV_7,136
pcent_sex_PartIII_1-pcent_sex_PartV_8,150
pcent_sex_PartIII_1-pcent_sex_PartV_9,63
pcent_sex_PartIII_2,150
pcent_sex_PartIII_2-pcent_sex_PartIII_3,137
pcent_sex_PartIII_2-pcent_sex_PartIV_1,146
pcent_sex_PartIII_2-pcent_sex_PartIV_2,104
pcent_sex_PartIII_2-pcent_sex_PartIV_3,125
pcent_sex_PartIII_2-pcent_sex_PartIV_4,129
pcent_sex_PartIII_2-pcent_sex_PartIV_5,105
pcent_sex_PartIII_2-pcent_sex_PartVI_1,13
pcent_sex_PartIII_2-pcent_sex_PartVI_2,150
pcent_sex_PartIII_2-pcent_sex_PartVI_3,150
pcent_sex_PartIII_2-pcent_sex_PartVI_4,13
pcent_sex_PartIII_2-pcent_sex_PartV_1,150
pcent_sex_PartIII_2-pcent_sex_PartV_10,150
pcent_sex_PartIII_2-pcent_sex_PartV_11,6
pcent_sex_PartIII_2-pcent_sex_PartV_12,146
pcent_sex_PartIII_2-pcent_sex_PartV_13,144
pcent_sex_PartIII_2-pcent_sex_PartV_2,150
pcent_sex_PartIII_2-pcent_sex_PartV_3,150
pcent_sex_PartIII_2-pcent_sex_PartV_4,150
pcent_sex_PartIII_2-pcent_sex_PartV_5,150
pcent_sex_PartIII_2-pcent_sex_PartV_6,150
pcent_sex_PartIII_2-pcent_sex_PartV_7,150
pcent_sex_PartIII_2-pcent_sex_PartV_8,149
pcent_sex_PartIII_2-pcent_sex_PartV_9,150
pcent_sex_PartIII_3,150
pcent_sex_PartIII_3-pcent_sex_PartIV_1,150
pcent_sex_PartIII_3-pcent_sex_PartIV_2,150
pcent_sex_PartIII_3-pcent_sex_PartIV_3,150
pcent_sex_PartIII_3-pcent_sex_PartIV_4,150
pcent_sex_PartIII_3-pcent_sex_PartIV_5,150
pcent_sex_PartIII_3-pcent_sex_PartVI_1,143
pcent_sex_PartIII_3-pcent_sex_PartVI_2,150
pcent_sex_PartIII_3-pcent_sex_PartVI_3,150
pcent_sex_PartIII_3-pcent_sex_PartVI_4,150
pcent_sex_PartIII_3-pcent_sex_PartV_1,150
pcent_sex_PartIII_3-pcent_sex_PartV_10,147
pcent_sex_PartIII_3-pcent_sex_PartV_11,150
pcent_sex_PartIII_3-pcent_sex_PartV_12,150
pcent_sex_PartIII_3-pcent_sex_PartV_13,150
pcent_sex_PartIII_3-pcent_sex_PartV_2,150
pcent_sex_PartIII_3-pcent_sex_PartV_3,150
pcent_sex_PartIII_3-pcent_sex_PartV_4,150
pcent_sex_PartIII_3-pcent_sex_PartV_5,150
pcent_sex_PartIII_3-pcent_sex_PartV_6,150
pcent_sex_PartIII_3-pcent_sex_PartV_7,150
pcent_sex_PartIII_3-pcent_sex_PartV_8,150
pcent_sex_PartIII_3-pcent_sex_PartV_9,150
pcent_sex_PartII_1,150
pcent_sex_PartII_1-pcent_sex_PartIII_1,87
pcent_sex_PartII_1-pcent_sex_PartIII_2,150
pcent_sex_PartII_1-pcent_sex_PartIII_3,150
pcent_sex_PartII_1-pcent_sex_PartII_2,107
pcent_sex_PartII_1-pcent_sex_PartII_3,150
pcent_sex_PartII_1-pcent_sex_PartII_4,147
pcent_sex_PartII_1-pcent_sex_PartIV_1,150
pcent_sex_PartII_1-pcent_sex_PartIV_2,150
pcent_sex_PartII_1-pcent_sex_PartIV_3,150
pcent_sex_PartII_1-pcent_sex_PartIV_4,150
pcent_sex_PartII_1-pcent_sex_PartIV_5,150
pcent_sex_PartII_1-pcent_sex_PartVI_1,150
pcent_sex_PartII_1-pcent_sex_PartVI_2,69
pcent_sex_PartII_1-pcent_sex_PartVI_3,32
pcent_sex_PartII_1-pcent_sex_PartVI_4,150
pcent_sex_PartII_1-pcent_sex_PartV_1,146
pcent_sex_PartII_1-pcent_sex_PartV_10,150
pcent_sex_PartII_1-pcent_sex_PartV_11,150
pcent_sex_PartII_1-pcent_sex_PartV_12,102
pcent_sex_PartII_1-pcent_sex_PartV_13,116
pcent_sex_PartII_1-pcent_sex_PartV_2,150
pcent_sex_PartII_1-pcent_sex_PartV_3,150
pcent_sex_PartII_1-pcent_sex_PartV_4,150
pcent_sex_PartII_1-pcent_sex_PartV_5,150
pcent_sex_PartII_1-pcent_sex_PartV_6,142
pcent_sex_PartII_1-pcent_sex_PartV_7,40
pcent_sex_PartII_1-pcent_sex_PartV_8,150
pcent_sex_PartII_1-pcent_sex_PartV_9,39
pcent_sex_PartII_2,150
pcent_sex_PartII_2-pcent_sex_PartIII_1,46
pcent_sex_PartII_2-pcent_sex_PartIII_2,150
pcent_sex_PartII_2-pcent_sex_PartIII_3,150
pcent_sex_PartII_2-pcent_sex_PartII_3,150
pcent_sex_PartII_2-pcent_sex_PartII_4,82
pcent_sex_PartII_2-pcent_sex_PartIV_1,139
pcent_sex_PartII_2-pcent_sex_PartIV_2,150
pcent_sex_PartII_2-pcent_sex_PartIV_3,148
pcent_sex_PartII_2-pcent_sex_PartIV_4,148
pcent_sex_PartII_2-pcent_sex_PartIV_5,150
pcent_sex_PartII_2-pcent_sex_PartVI_1,150
pcent_sex_PartII_2-pcent_sex_PartVI_2,42
pcent_sex_PartII_2-pcent_sex_PartVI_3,118
pcent_sex_PartII_2-pcent_sex_PartVI_4,140
pcent_sex_PartII_2-pcent_sex_PartV_1,77
pcent_sex_PartII_2-pcent_sex_PartV_10,150
pcent_sex_PartII_2-pcent_sex_PartV_11,149
pcent_sex_PartII_2-pcent_sex_PartV_12,99
pcent_sex_PartII_2-pcent_sex_PartV_13,66
pcent_sex_PartII_2-pcent_sex_PartV_2,91
pcent_sex_PartII_2-pcent_sex_PartV_3,59
pcent_sex_PartII_2-pcent_sex_PartV_4,150
pcent_sex_PartII_2-pcent_sex_PartV_5,150
pcent_sex_PartII_2-pcent_sex_PartV_6,138
pcent_sex_PartII_2-pcent_sex_PartV_7,35
pcent_sex_PartII_2-pcent_sex_PartV_8,150
pcent_sex_PartII_2-pcent_sex_PartV_9,1
pcent_sex_PartII_3,105
pcent_sex_PartII_3-pcent_sex_PartIII_1,150
pcent_sex_PartII_3-pcent_sex_PartIII_2,150
pcent_sex_PartII_3-pcent_sex_PartIII_3,150
pcent_sex_PartII_3-pcent_sex_PartII_4,150
pcent_sex_PartII_3-pcent_sex_PartIV_1,53
pcent_sex_PartII_3-pcent_sex_PartIV_2,116
pcent_sex_PartII_3-pcent_sex_PartIV_3,33
pcent_sex_PartII_3-pcent_sex_PartIV_4,44
pcent_sex_PartII_3-pcent_sex_PartIV_5,18
pcent_sex_PartII_3-pcent_sex_PartVI_1,18
pcent_sex_PartII_3-pcent_sex_PartVI_2,150
pcent_sex_PartII_3-pcent_sex_PartVI_3,150
pcent_sex_PartII_3-pcent_sex_PartVI_4,7
pcent_sex_PartII_3-pcent_sex_PartV_1,150
pcent_sex_PartII_3-pcent_sex_PartV_10,132
pcent_sex_PartII_3-pcent_sex_PartV_11,10
pcent_sex_PartII_3-pcent_sex_PartV_12,2
pcent_sex_PartII_3-pcent_sex_PartV_13,12
pcent_sex_PartII_3-pcent_sex_PartV_2,117
pcent_sex_PartII_3-pcent_sex_PartV_3,150
pcent_sex_PartII_3-pcent_sex_PartV_4,135
pcent_sex_PartII_3-pcent_sex_PartV_5,147
pcent_sex_PartII_3-pcent_sex_PartV_6,142
pcent_sex_PartII_3-pcent_sex_PartV_7,150
pcent_sex_PartII_3-pcent_sex_PartV_8,84
pcent_sex_PartII_3-pcent_sex_PartV_9,96
pcent_sex_PartII_4,150
pcent_sex_PartII_4-pcent_sex_PartIII_1,29
pcent_sex_PartII_4-pcent_sex_PartIII_2,150
pcent_sex_PartII_4-pcent_sex_PartIII_3,150
pcent_sex_PartII_4-pcent_sex_PartIV_1,136
pcent_sex_PartII_4-pcent_sex_PartIV_2,150
pcent_sex_PartII_4-pcent_sex_PartIV_3,132
pcent_sex_PartII_4-pcent_sex_PartIV_4,119
pcent_sex_PartII_4-pcent_sex_PartIV_5,150
pcent_sex_PartII_4-pcent_sex_PartVI_1,150
pcent_sex_PartII_4-pcent_sex_PartVI_2,10
pcent_sex_PartII_4-pcent_sex_PartVI_3,97
pcent_sex_PartII_4-pcent_sex_PartVI_4,121
pcent_sex_PartII_4-pcent_sex_PartV_1,87
pcent_sex_PartII_4-pcent_sex_PartV_10,150
pcent_sex_PartII_4-pcent_sex_PartV_11,148
pcent_sex_PartII_4-pcent_sex_PartV_12,58
pcent_sex_PartII_4-pcent_sex_PartV_13,5
pcent_sex_PartII_4-pcent_sex_PartV_2,70
pcent_sex_PartII_4-pcent_sex_PartV_3,62
pcent_sex_PartII_4-pcent_sex_PartV_4,150
pcent_sex_PartII_4-pcent_sex_PartV_5,150
pcent_sex_PartII_4-pcent_sex_PartV_6,136
pcent_sex_PartII_4-pcent_sex_PartV_7,7
pcent_sex_PartII_4-pcent_sex_PartV_8,150
pcent_sex_PartIV_1,2
pcent_sex_PartIV_1-pcent_sex_PartIV_2,149
pcent_sex_PartIV_1-pcent_sex_PartIV_4,4
pcent_sex_PartIV_1-pcent_sex_PartIV_5,27
pcent_sex_PartIV_1-pcent_sex_PartVI_1,91
pcent_sex_PartIV_1-pcent_sex_PartVI_2,25
pcent_sex_PartIV_1-pcent_sex_PartVI_3,53
pcent_sex_PartIV_1-pcent_sex_PartVI_4,6
pcent_sex_PartIV_1-pcent_sex_PartV_1,147
pcent_sex_PartIV_1-pcent_sex_PartV_10,141
pcent_sex_PartIV_1-pcent_sex_PartV_11,89
pcent_sex_PartIV_1-pcent_sex_PartV_2,1
pcent_sex_PartIV_1-pcent_sex_PartV_3,107
pcent_sex_PartIV_1-pcent_sex_PartV_4,40
pcent_sex_PartIV_1-pcent_sex_PartV_5,150
pcent_sex_PartIV_1-pcent_sex_PartV_6,107
pcent_sex_PartIV_1-pcent_sex_PartV_7,22
pcent_sex_PartIV_1-pcent_sex_PartV_8,65
pcent_sex_PartIV_1-pcent_sex_PartV_9,32
pcent_sex_PartIV_2,150
pcent_sex_PartIV_2-pcent_sex_PartIV_3,134
pcent_sex_PartIV_2-pcent_sex_PartIV_4,12
pcent_sex_PartIV_2-pcent_sex_PartIV_5,95
pcent_sex_PartIV_2-pcent_sex_PartVI_1,143
pcent_sex_PartIV_2-pcent_sex_PartVI_2,149
pcent_sex_PartIV_2-pcent_sex_PartVI_3,150
pcent_sex_PartIV_2-pcent_sex_PartVI_4,48
pcent_sex_PartIV_2-pcent_sex_PartV_1,150
pcent_sex_PartIV_2-pcent_sex_PartV_10,150
pcent_sex_PartIV_2-pcent_sex_PartV_11,4
pcent_sex_PartIV_2-pcent_sex_PartV_12,55
pcent_sex_PartIV_2-pcent_sex_PartV_13,3
pcent_sex_PartIV_2-pcent_sex_PartV_2,150
pcent_sex_PartIV_2-pcent_sex_PartV_3,150
pcent_sex_PartIV_2-pcent_sex_PartV_4,150
pcent_sex_PartIV_2-pcent_sex_PartV_5,92
pcent_sex_PartIV_2-pcent_sex_PartV_6,16
pcent_sex_PartIV_2-pcent_sex_PartV_7,137
pcent_sex_PartIV_2-pcent_sex_PartV_8,112
pcent_sex_PartIV_2-pcent_sex_PartV_9,150
pcent_sex_PartIV_3-pcent_sex_PartIV_4,12
pcent_sex_PartIV_3-pcent_sex_PartIV_5,44
pcent_sex_PartIV_3-pcent_sex_PartVI_1,74
pcent_sex_PartIV_3-pcent_sex_PartVI_2,41
pcent_sex_PartIV_3-pcent_sex_PartVI_3,110
pcent_sex_PartIV_3-pcent_sex_PartVI_4,2
pcent_sex_PartIV_3-pcent_sex_PartV_1,144
pcent_sex_PartIV_3-pcent_sex_PartV_10,150
pcent_sex_PartIV_3-pcent_sex_PartV_11,30
pcent_sex_PartIV_3-pcent_sex_PartV_12,8
pcent_sex_PartIV_3-pcent_sex_PartV_13,2
pcent_sex_PartIV_3-pcent_sex_PartV_2,44
pcent_sex_PartIV_3-pcent_sex_PartV_3,145
pcent_sex_PartIV_3-pcent_sex_PartV_4,77
pcent_sex_PartIV_3-pcent_sex_PartV_5,143
pcent_sex_PartIV_3-pcent_sex_PartV_6,15
pcent_sex_PartIV_3-pcent_sex_PartV_7,28
pcent_sex_PartIV_3-pcent_sex_PartV_8,35
pcent_sex_PartIV_3-pcent_sex_PartV_9,20
pcent_sex_PartIV_4-pcent_sex_PartIV_5,52
pcent_sex_PartIV_4-pcent_sex_PartVI_1,124
pcent_sex_PartIV_4-pcent_sex_PartVI_2,3
pcent_sex_PartIV_4-pcent_sex_PartVI_3,10
pcent_sex_PartIV_4-pcent_sex_PartVI_4,2
pcent_sex_PartIV_4-pcent_sex_PartV_1,150
pcent_sex_PartIV_4-pcent_sex_PartV_10,40
pcent_sex_PartIV_4-pcent_sex_PartV_11,24
pcent_sex_PartIV_4-pcent_sex_PartV_12,3
pcent_sex_PartIV_4-pcent_sex_PartV_13,2
pcent_sex_PartIV_4-pcent_sex_PartV_2,94
pcent_sex_PartIV_4-pcent_sex_PartV_3,138
pcent_sex_PartIV_4-pcent_sex_PartV_4,148
pcent_sex_PartIV_4-pcent_sex_PartV_5,108
pcent_sex_PartIV_4-pcent_sex_PartV_6,3
pcent_sex_PartIV_4-pcent_sex_PartV_7,128
pcent_sex_PartIV_4-pcent_sex_PartV_8,149
pcent_sex_PartIV_4-pcent_sex_PartV_9,109
pcent_sex_PartIV_5,143
pcent_sex_PartIV_5-pcent_sex_PartVI_1,128
pcent_sex_PartIV_5-pcent_sex_PartVI_2,27
pcent_sex_PartIV_5-pcent_sex_PartVI_3,63
pcent_sex_PartIV_5-pcent_sex_PartVI_4,10
pcent_sex_PartIV_5-pcent_sex_PartV_1,150
pcent_sex_PartIV_5-pcent_sex_PartV_10,70
pcent_sex_PartIV_5-pcent_sex_PartV_11,148
pcent_sex_PartIV_5-pcent_sex_PartV_12,65
pcent_sex_PartIV_5-pcent_sex_PartV_13,7
pcent_sex_PartIV_5-pcent_sex_PartV_2,16
pcent_sex_PartIV_5-pcent_sex_PartV_3,150
pcent_sex_PartIV_5-pcent_sex_PartV_4,146
pcent_sex_PartIV_5-pcent_sex_PartV_5,150
pcent_sex_PartIV_5-pcent_sex_PartV_6,144
pcent_sex_PartIV_5-pcent_sex_PartV_7,127
pcent_sex_PartIV_5-pcent_sex_PartV_8,32
pcent_sex_PartIV_5-pcent_sex_PartV_9,64
pcent_sex_PartI_1,150
pcent_sex_PartI_1-pcent_sex_PartIII_1,150
pcent_sex_PartI_1-pcent_sex_PartIII_2,150
pcent_sex_PartI_1-pcent_sex_PartIII_3,150
pcent_sex_PartI_1-pcent_sex_PartII_1,150
pcent_sex_PartI_1-pcent_sex_PartII_2,150
pcent_sex_PartI_1-pcent_sex_PartII_3,150
pcent_sex_PartI_1-pcent_sex_PartII_4,150
pcent_sex_PartI_1-pcent_sex_PartIV_1,150
pcent_sex_PartI_1-pcent_sex_PartIV_2,150
pcent_sex_PartI_1-pcent_sex_PartIV_3,150
pcent_sex_PartI_1-pcent_sex_PartIV_4,150
pcent_sex_PartI_1-pcent_sex_PartIV_5,150
pcent_sex_PartI_1-pcent_sex_PartI_2,145
pcent_sex_PartI_1-pcent_sex_PartI_3,150
pcent_sex_PartI_1-pcent_sex_PartI_4,150
pcent_sex_PartI_1-pcent_sex_PartI_5,148
pcent_sex_PartI_1-pcent_sex_PartI_6,150
pcent_sex_PartI_1-pcent_sex_PartI_7,150
pcent_sex_PartI_1-pcent_sex_PartI_8,150
pcent_sex_PartI_1-pcent_sex_PartVI_1,150
pcent_sex_PartI_1-pcent_sex_PartVI_2,150
pcent_sex_PartI_1-pcent_sex_PartVI_3,150
pcent_sex_PartI_1-pcent_sex_PartVI_4,150
pcent_sex_PartI_1-pcent_sex_PartV_1,150
pcent_sex_PartI_1-pcent_sex_PartV_10,149
pcent_sex_PartI_1-pcent_sex_PartV_11,133
pcent_sex_PartI_1-pcent_sex_PartV_13,108
pcent_sex_PartI_1-pcent_sex_PartV_2,148
pcent_sex_PartI_1-pcent_sex_PartV_3,142
pcent_sex_PartI_1-pcent_sex_PartV_4,59
pcent_sex_PartI_1-pcent_sex_PartV_5,143
pcent_sex_PartI_1-pcent_sex_PartV_6,14
pcent_sex_PartI_1-pcent_sex_PartV_7,148
pcent_sex_PartI_1-pcent_sex_PartV_8,150
pcent_sex_PartI_1-pcent_sex_PartV_9,150
pcent_sex_PartI_2,149
pcent_sex_PartI_2-pcent_sex_PartIII_1,150
pcent_sex_PartI_2-pcent_sex_PartIII_2,150
pcent_sex_PartI_2-pcent_sex_PartIII_3,150
pcent_sex_PartI_2-pcent_sex_PartII_1,150
pcent_sex_PartI_2-pcent_sex_PartII_2,150
pcent_sex_PartI_2-pcent_sex_PartII_3,150
pcent_sex_PartI_2-pcent_sex_PartII_4,150
pcent_sex_PartI_2-pcent_sex_PartIV_1,147
pcent_sex_PartI_2-pcent_sex_PartIV_2,150
pcent_sex_PartI_2-pcent_sex_PartIV_3,102
pcent_sex_PartI_2-pcent_sex_PartIV_4,147
pcent_sex_PartI_2-pcent_sex_PartIV_5,144
pcent_sex_PartI_2-pcent_sex_PartI_3,149
pcent_sex_PartI_2-pcent_sex_PartI_4,150
pcent_sex_PartI_2-pcent_sex_PartI_5,44
pcent_sex_PartI_2-pcent_sex_PartI_6,149
pcent_sex_PartI_2-pcent_sex_PartI_7,108
pcent_sex_PartI_2-pcent_sex_PartI_8,150
pcent_sex_PartI_2-pcent_sex_PartVI_1,150
pcent_sex_PartI_2-pcent_sex_PartVI_2,69
pcent_sex_PartI_2-pcent_sex_PartVI_3,132
pcent_sex_PartI_2-pcent_sex_PartVI_4,150
pcent_sex_PartI_2-pcent_sex_PartV_1,150
pcent_sex_PartI_2-pcent_sex_PartV_10,150
pcent_sex_PartI_2-pcent_sex_PartV_11,53
pcent_sex_PartI_2-pcent_sex_PartV_12,1
pcent_sex_PartI_2-pcent_sex_PartV_13,20
pcent_sex_PartI_2-pcent_sex_PartV_2,65
pcent_sex_PartI_2-pcent_sex_PartV_3,5
pcent_sex_PartI_2-pcent_sex_PartV_4,51
pcent_sex_PartI_2-pcent_sex_PartV_5,88
pcent_sex_PartI_2-pcent_sex_PartV_6,4
pcent_sex_PartI_2-pcent_sex_PartV_7,62
pcent_sex_PartI_2-pcent_sex_PartV_8,150
pcent_sex_PartI_2-pcent_sex_PartV_9,136
pcent_sex_PartI_3,150
pcent_sex_PartI_3-pcent_sex_PartIII_1,54
pcent_sex_PartI_3-pcent_sex_PartIII_2,150
pcent_sex_PartI_3-pcent_sex_PartIII_3,150
pcent_sex_PartI_3-pcent_sex_PartII_1,74
pcent_sex_PartI_3-pcent_sex_PartII_2,46
pcent_sex_PartI_3-pcent_sex_PartII_3,150
pcent_sex_PartI_3-pcent_sex_PartII_4,50
pcent_sex_PartI_3-pcent_sex_PartIV_1,150
pcent_sex_PartI_3-pcent_sex_PartIV_2,150
pcent_sex_PartI_3-pcent_sex_PartIV_3,150
pcent_sex_PartI_3-pcent_sex_PartIV_4,150
pcent_sex_PartI_3-pcent_sex_PartIV_5,150
pcent_sex_PartI_3-pcent_sex_PartI_4,149
pcent_sex_PartI_3-pcent_sex_PartI_5,137
pcent_sex_PartI_3-pcent_sex_PartI_6,150
pcent_sex_PartI_3-pcent_sex_PartI_7,106
pcent_sex_PartI_3-pcent_sex_PartI_8,150
pcent_sex_PartI_3-pcent_sex_PartVI_1,150
pcent_sex_PartI_3-pcent_sex_PartVI_2,1
pcent_sex_PartI_3-pcent_sex_PartVI_3,49
pcent_sex_PartI_3-pcent_sex_PartVI_4,150
pcent_sex_PartI_3-pcent_sex_PartV_1,145
pcent_sex_PartI_3-pcent_sex_PartV_10,150
pcent_sex_PartI_3-pcent_sex_PartV_11,150
pcent_sex_PartI_3-pcent_sex_PartV_12,110
pcent_sex_PartI_3-pcent_sex_PartV_13,134
pcent_sex_PartI_3-pcent_sex_PartV_2,148
pcent_sex_PartI_3-pcent_sex_PartV_3,145
pcent_sex_PartI_3-pcent_sex_PartV_4,149
pcent_sex_PartI_3-pcent_sex_PartV_5,150
pcent_sex_PartI_3-pcent_sex_PartV_6,146
pcent_sex_PartI_3-pcent_sex_PartV_7,15
pcent_sex_PartI_3-pcent_sex_PartV_8,150
pcent_sex_PartI_3-pcent_sex_PartV_9,37
pcent_sex_PartI_4,150
pcent_sex_PartI_4-pcent_sex_PartIII_1,115
pcent_sex_PartI_4-pcent_sex_PartIII_2,150
pcent_sex_PartI_4-pcent_sex_PartIII_3,150
pcent_sex_PartI_4-pcent_sex_PartII_1,126
pcent_sex_PartI_4-pcent_sex_PartII_2,150
pcent_sex_PartI_4-pcent_sex_PartII_3,150
pcent_sex_PartI_4-pcent_sex_PartII_4,116
pcent_sex_PartI_4-pcent_sex_PartIV_1,150
pcent_sex_PartI_4-pcent_sex_PartIV_2,150
pcent_sex_PartI_4-pcent_sex_PartIV_3,150
pcent_sex_PartI_4-pcent_sex_PartIV_4,150
pcent_sex_PartI_4-pcent_sex_PartIV_5,150
pcent_sex_PartI_4-pcent_sex_PartI_5,133
pcent_sex_PartI_4-pcent_sex_PartI_6,150
pcent_sex_PartI_4-pcent_sex_PartI_7,121
pcent_sex_PartI_4-pcent_sex_PartI_8,150
pcent_sex_PartI_4-pcent_sex_PartVI_1,150
pcent_sex_PartI_4-pcent_sex_PartVI_2,9
pcent_sex_PartI_4-pcent_sex_PartVI_3,24
pcent_sex_PartI_4-pcent_sex_PartVI_4,150
pcent_sex_PartI_4-pcent_sex_PartV_1,99
pcent_sex_PartI_4-pcent_sex_PartV_10,150
pcent_sex_PartI_4-pcent_sex_PartV_11,150
pcent_sex_PartI_4-pcent_sex_PartV_12,144
pcent_sex_PartI_4-pcent_sex_PartV_13,147
pcent_sex_PartI_4-pcent_sex_PartV_2,148
pcent_sex_PartI_4-pcent_sex_PartV_3,146
pcent_sex_PartI_4-pcent_sex_PartV_4,150
pcent_sex_PartI_4-pcent_sex_PartV_5,150
pcent_sex_PartI_4-pcent_sex_PartV_6,150
pcent_sex_PartI_4-pcent_sex_PartV_7,1
pcent_sex_PartI_4-pcent_sex_PartV_8,150
pcent_sex_PartI_4-pcent_sex_PartV_9,60
pcent_sex_PartI_5-pcent_sex_PartIII_1,53
pcent_sex_PartI_5-pcent_sex_PartIII_2,41
pcent_sex_PartI_5-pcent_sex_PartIII_3,150
pcent_sex_PartI_5-pcent_sex_PartII_1,145
pcent_sex_PartI_5-pcent_sex_PartII_2,46
pcent_sex_PartI_5-pcent_sex_PartII_3,4
pcent_sex_PartI_5-pcent_sex_PartII_4,47
pcent_sex_PartI_5-pcent_sex_PartIV_2,50
pcent_sex_PartI_5-pcent_sex_PartIV_3,1
pcent_sex_PartI_5-pcent_sex_PartIV_4,1
pcent_sex_PartI_5-pcent_sex_PartIV_5,2
pcent_sex_PartI_5-pcent_sex_PartI_6,150
pcent_sex_PartI_5-pcent_sex_PartI_7,150
pcent_sex_PartI_5-pcent_sex_PartI_8,65
pcent_sex_PartI_5-pcent_sex_PartVI_1,114
pcent_sex_PartI_5-pcent_sex_PartVI_2,14
pcent_sex_PartI_5-pcent_sex_PartVI_3,50
pcent_sex_PartI_5-pcent_sex_PartVI_4,124
pcent_sex_PartI_5-pcent_sex_PartV_1,95
pcent_sex_PartI_5-pcent_sex_PartV_10,75
pcent_sex_PartI_5-pcent_sex_PartV_12,4
pcent_sex_PartI_5-pcent_sex_PartV_13,1
pcent_sex_PartI_5-pcent_sex_PartV_2,34
pcent_sex_PartI_5-pcent_sex_PartV_3,70
pcent_sex_PartI_5-pcent_sex_PartV_4,13
pcent_sex_PartI_5-pcent_sex_PartV_5,1
pcent_sex_PartI_5-pcent_sex_PartV_7,6
pcent_sex_PartI_5-pcent_sex_PartV_8,56
pcent_sex_PartI_6,125
pcent_sex_PartI_6-pcent_sex_PartIII_1,150
pcent_sex_PartI_6-pcent_sex_PartIII_2,92
pcent_sex_PartI_6-pcent_sex_PartIII_3,102
pcent_sex_PartI_6-pcent_sex_PartII_1,150
pcent_sex_PartI_6-pcent_sex_PartII_2,150
pcent_sex_PartI_6-pcent_sex_PartII_3,8
pcent_sex_PartI_6-pcent_sex_PartII_4,150
pcent_sex_PartI_6-pcent_sex_PartIV_1,17
pcent_sex_PartI_6-pcent_sex_PartIV_2,149
pcent_sex_PartI_6-pcent_sex_PartIV_3,106
pcent_sex_PartI_6-pcent_sex_PartIV_4,39
pcent_sex_PartI_6-pcent_sex_PartIV_5,67
pcent_sex_PartI_6-pcent_sex_PartI_7,150
pcent_sex_PartI_6-pcent_sex_PartVI_2,150
pcent_sex_PartI_6-pcent_sex_PartVI_3,150
pcent_sex_PartI_6-pcent_sex_PartVI_4,2
pcent_sex_PartI_6-pcent_sex_PartV_1,150
pcent_sex_PartI_6-pcent_sex_PartV_10,21
pcent_sex_PartI_6-pcent_sex_PartV_11,52
pcent_sex_PartI_6-pcent_sex_PartV_12,65
pcent_sex_PartI_6-pcent_sex_PartV_13,93
pcent_sex_PartI_6-pcent_sex_PartV_2,150
pcent_sex_PartI_6-pcent_sex_PartV_3,150
pcent_sex_PartI_6-pcent_sex_PartV_4,150
pcent_sex_PartI_6-pcent_sex_PartV_5,150
pcent_sex_PartI_6-pcent_sex_PartV_6,150
pcent_sex_PartI_6-pcent_sex_PartV_7,148
pcent_sex_PartI_6-pcent_sex_PartV_8,7
pcent_sex_PartI_6-pcent_sex_PartV_9,150
pcent_sex_PartI_7,100
pcent_sex_PartI_7-pcent_sex_PartIII_1,42
pcent_sex_PartI_7-pcent_sex_PartIII_2,149
pcent_sex_PartI_7-pcent_sex_PartIII_3,150
pcent_sex_PartI_7-pcent_sex_PartII_1,150
pcent_sex_PartI_7-pcent_sex_PartII_2,128
pcent_sex_PartI_7-pcent_sex_PartII_3,128
pcent_sex_PartI_7-pcent_sex_PartII_4,121
pcent_sex_PartI_7-pcent_sex_PartIV_1,77
pcent_sex_PartI_7-pcent_sex_PartIV_2,140
pcent_sex_PartI_7-pcent_sex_PartIV_3,123
pcent_sex_PartI_7-pcent_sex_PartIV_5,51
pcent_sex_PartI_7-pcent_sex_PartI_8,150
pcent_sex_PartI_7-pcent_sex_PartVI_1,150
pcent_sex_PartI_7-pcent_sex_PartVI_2,15
pcent_sex_PartI_7-pcent_sex_PartVI_3,91
pcent_sex_PartI_7-pcent_sex_PartVI_4,150
pcent_sex_PartI_7-pcent_sex_PartV_1,11
pcent_sex_PartI_7-pcent_sex_PartV_10,150
pcent_sex_PartI_7-pcent_sex_PartV_11,29
pcent_sex_PartI_7-pcent_sex_PartV_12,18
pcent_sex_PartI_7-pcent_sex_PartV_13,14
pcent_sex_PartI_7-pcent_sex_PartV_2,124
pcent_sex_PartI_7-pcent_sex_PartV_3,143
pcent_sex_PartI_7-pcent_sex_PartV_4,126
pcent_sex_PartI_7-pcent_sex_PartV_5,15
pcent_sex_PartI_7-pcent_sex_PartV_7,22
pcent_sex_PartI_7-pcent_sex_PartV_8,150
pcent_sex_PartI_7-pcent_sex_PartV_9,11
pcent_sex_PartI_8,150
pcent_sex_PartI_8-pcent_sex_PartIII_1,150
pcent_sex_PartI_8-pcent_sex_PartIII_2,146
pcent_sex_PartI_8-pcent_sex_PartIII_3,150
pcent_sex_PartI_8-pcent_sex_PartII_1,150
pcent_sex_PartI_8-pcent_sex_PartII_2,150
pcent_sex_PartI_8-pcent_sex_PartII_3,53
pcent_sex_PartI_8-pcent_sex_PartII_4,150
pcent_sex_PartI_8-pcent_sex_PartIV_1,100
pcent_sex_PartI_8-pcent_sex_PartIV_2,150
pcent_sex_PartI_8-pcent_sex_PartIV_3,150
pcent_sex_PartI_8-pcent_sex_PartIV_4,142
pcent_sex_PartI_8-pcent_sex_PartIV_5,142
pcent_sex_PartI_8-pcent_sex_PartVI_1,4
pcent_sex_PartI_8-pcent_sex_PartVI_2,150
pcent_sex_PartI_8-pcent_sex_PartVI_3,150
pcent_sex_PartI_8-pcent_sex_PartVI_4,1
pcent_sex_PartI_8-pcent_sex_PartV_1,150
pcent_sex_PartI_8-pcent_sex_PartV_10,85
pcent_sex_PartI_8-pcent_sex_PartV_11,137
pcent_sex_PartI_8-pcent_sex_PartV_12,132
pcent_sex_PartI_8-pcent_sex_PartV_13,126
pcent_sex_PartI_8-pcent_sex_PartV_2,132
pcent_sex_PartI_8-pcent_sex_PartV_3,150
pcent_sex_PartI_8-pcent_sex_PartV_4,150
pcent_sex_PartI_8-pcent_sex_PartV_5,150
pcent_sex_PartI_8-pcent_sex_PartV_6,150
pcent_sex_PartI_8-pcent_sex_PartV_7,150
pcent_sex_PartI_8-pcent_sex_PartV_8,51
pcent_sex_PartI_8-pcent_sex_PartV_9,150
pcent_sex_PartVI_1,138
pcent_sex_PartVI_1-pcent_sex_PartVI_2,150
pcent_sex_PartVI_1-pcent_sex_PartVI_3,150
pcent_sex_PartVI_1-pcent_sex_PartVI_4,150
pcent_sex_PartVI_1-pcent_sex_PartV_10,139
pcent_sex_PartVI_1-pcent_sex_PartV_11,47
pcent_sex_PartVI_1-pcent_sex_PartV_12,87
pcent_sex_PartVI_1-pcent_sex_PartV_13,147
pcent_sex_PartVI_1-pcent_sex_PartV_9,150
pcent_sex_PartVI_2,97
pcent_sex_PartVI_2-pcent_sex_PartVI_3,81
pcent_sex_PartVI_2-pcent_sex_PartVI_4,147
pcent_sex_PartVI_2-pcent_sex_PartV_10,150
pcent_sex_PartVI_2-pcent_sex_PartV_11,49
pcent_sex_PartVI_2-pcent_sex_PartV_12,150
pcent_sex_PartVI_2-pcent_sex_PartV_13,44
pcent_sex_PartVI_2-pcent_sex_PartV_9,31
pcent_sex_PartVI_3,127
pcent_sex_PartVI_3-pcent_sex_PartVI_4,147
pcent_sex_PartVI_3-pcent_sex_PartV_10,150
pcent_sex_PartVI_3-pcent_sex_PartV_11,143
pcent_sex_PartVI_3-pcent_sex_PartV_12,117
pcent_sex_PartVI_3-pcent_sex_PartV_13,11
pcent_sex_PartVI_3-pcent_sex_PartV_9,105
pcent_sex_PartVI_4,4
pcent_sex_PartVI_4-pcent_sex_PartV_10,85
pcent_sex_PartVI_4-pcent_sex_PartV_11,13
pcent_sex_PartVI_4-pcent_sex_PartV_12,7
pcent_sex_PartVI_4-pcent_sex_PartV_13,120
pcent_sex_PartVI_4-pcent_sex_PartV_9,131
pcent_sex_PartV_1,150
pcent_sex_PartV_1-pcent_sex_PartVI_1,150
pcent_sex_PartV_1-pcent_sex_PartVI_2,2
pcent_sex_PartV_1-pcent_sex_PartVI_4,150
pcent_sex_PartV_1-pcent_sex_PartV_10,150
pcent_sex_PartV_1-pcent_sex_PartV_11,93
pcent_sex_PartV_1-pcent_sex_PartV_12,86
pcent_sex_PartV_1-pcent_sex_PartV_13,41
pcent_sex_PartV_1-pcent_sex_PartV_2,138
pcent_sex_PartV_1-pcent_sex_PartV_3,122
pcent_sex_PartV_1-pcent_sex_PartV_4,149
pcent_sex_PartV_1-pcent_sex_PartV_5,150
pcent_sex_PartV_1-pcent_sex_PartV_6,123
pcent_sex_PartV_1-pcent_sex_PartV_7,37
pcent_sex_PartV_1-pcent_sex_PartV_8,150
pcent_sex_PartV_1-pcent_sex_PartV_9,22
pcent_sex_PartV_10,93
pcent_sex_PartV_10-pcent_sex_PartV_11,51
pcent_sex_PartV_10-pcent_sex_PartV_12,32
pcent_sex_PartV_10-pcent_sex_PartV_13,73
pcent_sex_PartV_11-pcent_sex_PartV_12,26
pcent_sex_PartV_11-pcent_sex_PartV_13,65
pcent_sex_PartV_12-pcent_sex_PartV_13,8
pcent_sex_PartV_2,105
pcent_sex_PartV_2-pcent_sex_PartVI_1,150
pcent_sex_PartV_2-pcent_sex_PartVI_2,148
pcent_sex_PartV_2-pcent_sex_PartVI_3,150
pcent_sex_PartV_2-pcent_sex_PartVI_4,146
pcent_sex_PartV_2-pcent_sex_PartV_10,150
pcent_sex_PartV_2-pcent_sex_PartV_11,127
pcent_sex_PartV_2-pcent_sex_PartV_12,1
pcent_sex_PartV_2-pcent_sex_PartV_13,5
pcent_sex_PartV_2-pcent_sex_PartV_4,127
pcent_sex_PartV_2-pcent_sex_PartV_5,53
pcent_sex_PartV_2-pcent_sex_PartV_6,7
pcent_sex_PartV_2-pcent_sex_PartV_7,150
pcent_sex_PartV_2-pcent_sex_PartV_8,150
pcent_sex_PartV_2-pcent_sex_PartV_9,55
pcent_sex_PartV_3,150
pcent_sex_PartV_3-pcent_sex_PartVI_1,150
pcent_sex_PartV_3-pcent_sex_PartVI_2,125
pcent_sex_PartV_3-pcent_sex_PartVI_3,123
pcent_sex_PartV_3-pcent_sex_PartVI_4,150
pcent_sex_PartV_3-pcent_sex_PartV_10,150
pcent_sex_PartV_3-pcent_sex_PartV_11,121
pcent_sex_PartV_3-pcent_sex_PartV_12,2
pcent_sex_PartV_3-pcent_sex_PartV_13,31
pcent_sex_PartV_3-pcent_sex_PartV_4,150
pcent_sex_PartV_3-pcent_sex_PartV_5,150
pcent_sex_PartV_3-pcent_sex_PartV_6,46
pcent_sex_PartV_3-pcent_sex_PartV_7,150
pcent_sex_PartV_3-pcent_sex_PartV_8,149
pcent_sex_PartV_3-pcent_sex_PartV_9,135
pcent_sex_PartV_4,146
pcent_sex_PartV_4-pcent_sex_PartVI_1,150
pcent_sex_PartV_4-pcent_sex_PartVI_2,150
pcent_sex_PartV_4-pcent_sex_PartVI_3,150
pcent_sex_PartV_4-pcent_sex_PartVI_4,147
pcent_sex_PartV_4-pcent_sex_PartV_10,146
pcent_sex_PartV_4-pcent_sex_PartV_11,107
pcent_sex_PartV_4-pcent_sex_PartV_13,8
pcent_sex_PartV_4-pcent_sex_PartV_5,90
pcent_sex_PartV_4-pcent_sex_PartV_6,13
pcent_sex_PartV_4-pcent_sex_PartV_7,150
pcent_sex_PartV_4-pcent_sex_PartV_8,142
pcent_sex_PartV_4-pcent_sex_PartV_9,135
pcent_sex_PartV_5,125
pcent_sex_PartV_5-pcent_sex_PartVI_1,141
pcent_sex_PartV_5-pcent_sex_PartVI_2,150
pcent_sex_PartV_5-pcent_sex_PartVI_3,150
pcent_sex_PartV_5-pcent_sex_PartVI_4,145
pcent_sex_PartV_5-pcent_sex_PartV_10,38
pcent_sex_PartV_5-pcent_sex_PartV_11,5
pcent_sex_PartV_5-pcent_sex_PartV_12,1
pcent_sex_PartV_5-pcent_sex_PartV_13,17
pcent_sex_PartV_5-pcent_sex_PartV_6,150
pcent_sex_PartV_5-pcent_sex_PartV_7,150
pcent_sex_PartV_5-pcent_sex_PartV_8,68
pcent_sex_PartV_5-pcent_sex_PartV_9,150
pcent_sex_PartV_6,39
pcent_sex_PartV_6-pcent_sex_PartVI_1,150
pcent_sex_PartV_6-pcent_sex_PartVI_2,135
pcent_sex_PartV_6-pcent_sex_PartVI_3,72
pcent_sex_PartV_6-pcent_sex_PartVI_4,145
pcent_sex_PartV_6-pcent_sex_PartV_10,87
pcent_sex_PartV_6-pcent_sex_PartV_11,8
pcent_sex_PartV_6-pcent_sex_PartV_12,1
pcent_sex_PartV_6-pcent_sex_PartV_13,2
pcent_sex_PartV_6-pcent_sex_PartV_7,150
pcent_sex_PartV_6-pcent_sex_PartV_8,86
pcent_sex_PartV_6-pcent_sex_PartV_9,138
pcent_sex_PartV_7,150
pcent_sex_PartV_7-pcent_sex_PartVI_1,150
pcent_sex_PartV_7-pcent_sex_PartVI_2,2
pcent_sex_PartV_7-pcent_sex_PartVI_3,35
pcent_sex_PartV_7-pcent_sex_PartVI_4,150
pcent_sex_PartV_7-pcent_sex_PartV_10,150
pcent_sex_PartV_7-pcent_sex_PartV_11,147
pcent_sex_PartV_7-pcent_sex_PartV_12,13
pcent_sex_PartV_7-pcent_sex_PartV_13,65
pcent_sex_PartV_7-pcent_sex_PartV_8,150
pcent_sex_PartV_7-pcent_sex_PartV_9,138
pcent_sex_PartV_8,49
pcent_sex_PartV_8-pcent_sex_PartVI_1,9
pcent_sex_PartV_8-pcent_sex_PartVI_2,150
pcent_sex_PartV_8-pcent_sex_PartVI_3,150
pcent_sex_PartV_8-pcent_sex_PartVI_4,95
pcent_sex_PartV_8-pcent_sex_PartV_10,10
pcent_sex_PartV_8-pcent_sex_PartV_11,21
pcent_sex_PartV_8-pcent_sex_PartV_12,126
pcent_sex_PartV_8-pcent_sex_PartV_13,146
pcent_sex_PartV_8-pcent_sex_PartV_9,150
pcent_sex_PartV_9,21
pcent_sex_PartV_9-pcent_sex_PartV_10,36
pcent_sex_PartV_9-pcent_sex_PartV_11,34
pcent_sex_PartV_9-pcent_sex_PartV_13,5
sex,150
